{"cameraMode":{"drawMode":0,"name":"Shaded","section":"Shading Mode"},"sceneLighting":true,"audioPlay":false,"sceneViewState":{"m_AlwaysRefresh":false,"showFog":true,"showSkybox":true,"showFlares":true,"showImageEffects":true,"showParticleSystems":true,"showVisualEffectGraphs":true,"m_FxEnabled":true},"in2DMode":false,"pivot":{"x":-7.170976161956787,"y":-12.590154647827149,"z":-36.20444869995117},"rotation":{"x":-0.014224516227841378,"y":0.9841173887252808,"z":-0.15055692195892335,"w":-0.09297791123390198},"size":31.245285034179689,"orthographic":false}